name;fullname;english;alpha2;location;location-precise;capital;currentcy;square;language;population
Абхазия;Республика Абхазия;Abkhazia;AB;Азия;Закавказье;Сухум;Апсар (не используется), рубль;8665;абхазский, русский;243564
Австралия;;Australia;AU;Океания;Австралия и Новая Зеландия;Канберра;Доллар (австралийский доллар);7686850; английский;26253000
Австрия;Австрийская Республика;Austria;AT;Европа;Западная Европа;Вена;Евро;83871; немецкий;8915382
Азербайджан;Республика Азербайджан;Azerbaijan;AZ;Азия;Западная Азия;Баку;Манат (азербайджанский манат);86600; азербайджанский;10073200
Албания;Республика Албания;Albania;AL;Европа;Южная Европа;Тирана;Лек;28748; албанский;2845955
Алжир;Алжирская Народная Демократическая Республика;Algeria;DZ;Африка;Северная Африка;Алжир;Динар (алжирский динар);2381740; арабский;45653000
Ангола;Республика Ангола;Angola;AO;Африка;Центральная Африка;Луанда;Кванза;1246700; португальский;34825000
Андорра;Княжество Андорра;Andorra;AD;Европа;Южная Европа;Андорра-ла-Велья ;Евро;468; каталанский;76177
Антигуа;Антигуа и Барбуда;Antigua and Barbuda;AG;Америка;Карибский бассейн;Сент-Джонс ;Доллар (восточно-карибский доллар);442; английский;97000
Аргентина;Аргентинская Республика;Argentina;AR;Америка;Южная Америка;Буэнос-Айрес ;Песо (аргентинское песо);2760990; испанский;44938712
Армения;Республика Армения;Armenia;AM;Азия;Западная Азия;Ереван;Драм (армянский драм);29800; армянский;2962100
Афганистан;Переходное Исламское Государство Афганистан;Afghanistan;AF;Азия;Южная часть Центральной Азии;Кабул ;Афгани;647500; пушту, дари;39225560
Багамы;Содружество Багамы;Bahamas;BS;Америка;Карибский бассейн;Нассау;Доллар (багамский доллар);13940; английский;389000
Бангладеш;Народная Республика Бангладеш;Bangladesh;BD;Азия;Южная часть Центральной Азии;Дакка;Така;144000; бенгальский, английский;179740888
Барбадос;;Barbados;BB;Америка;Карибский бассейн;Бриджтаун;Доллар (барбадосский доллар);430; английский;287000
Бахрейн;Королевство Бахрейн;Bahrain;BH;Азия;Западная Азия;Манама;Динар (бахрейнский динар);695; арабский;1451200
Белиз;;Belize;BZ;Америка;Карибский бассейн;Бельмопан ;Доллар (белизский доллар);23000; английский;387879
Белоруссия;Республика Беларусь;Belarus;BY;Европа;Восточная Европа;Минск;Рубль (белорусский рубль);207600; белорусский, русский;9349645
Бельгия;Королевство Бельгии;Belgium;BE;Европа;Западная Европа;Брюссель;Евро;32545; французский, нидерландский, немецкий;11476279
Бенин;Республика Бенин;Benin;BJ;Африка;Западная Африка;Порто-Ново ;Франк (франк КФА BCEAO);112620; французский;10315244
Болгария;Республика Болгария;Bulgaria;BG;Европа;Восточная Европа;София;Лев (болгарский лев);110910; болгарский;6951482
Боливия;Многонациональное Государство Боливия;Bolivia, plurinational state of;BO;Америка;Южная Америка;Ла-Пас ;Боливиано;1098580; испанский, аймара, кечуа;11469896
Босния и Герцеговина;;Bosnia and Herzegovina;BA;Европа;Южная Европа;Сараево;Марка (конвертируемая марка);51129; боснийский, сербский, хорватский;3511372
Ботсвана;Республика Ботсвана;Botswana;BW;Африка;Южная часть Африки;Габороне;Пула;600370; английский, сетсвана;2304000
Бразилия;Федеративная Республика Бразилия;Brazil;BR;Америка;Южная Америка;Бразилиа;Реал (бразильский реал);8547000; португальский;209493840
Бруней;Бруней-Даруссалам;Brunei Darussalam;BN;Азия;Юго-Восточная Азия;Бандар-Сери-Бегаван ;Доллар (брунейский доллар);5770; малайский;433000
Буркина-Фасо;;Burkina Faso;BF;Африка;Западная Африка;Уагадугу;Франк (франк КФА BCEAO);274400; французский;22870060
Бурунди;Республика Бурунди;Burundi;BI;Африка;Восточная Африка;Бужумбура;Франк (бурундийский франк);27830; французский, кирунди;11215578
Бутан;Королевство Бутан;Bhutan;BT;Азия;Южная часть Центральной Азии;Тхимпху;Нгултрум;46500; дзонг-кэ (бхотия);763000
Вануату;Республика Вануату;Vanuatu;VU;Океания;Меланезия;Вила;Вату;12200; бислама, английский, французский;300000
Ватикан;"Папский Престол (Государство &mdash; город Ватикан)";Holy See (Vatican City State);VA;Европа;Южная Европа;Ватикан;Евро; 0.44; итальянский, латинский;605
Великобритания;Соединенное Королевство Великобритании и Северной Ирландии;United Kingdom;GB;Европа;Северная Европа;Лондон;Фунт (фунт стерлингов);244101; английский;67647112
Венгрия;Британские Виргинские острова;Virgin Islands, British;VG;Америка;Карибский бассейн;Будапешт;Форинт;93030; венгерский;9769526
Венесуэла;Боливарийская Республика Венесуэла;Venezuela;VE;Америка;Южная Америка;Каракас;Суверенный боливар;916445; испанский;33270000
Восточный Тимор;Демократическая Республика Тимор-Лесте;Timor-Leste;TL;Азия;Юго-Восточная Азия;Дили;Доллар (доллар США);14900; португальский, тетун;1212107
Вьетнам;Социалистическая Республика Вьетнам;Vietnam;VN;Азия;Юго-Восточная Азия;Ханой;Донг;329560; вьетнамский;98208984
Габон;Габонская Республика;Gabon;GA;Африка;Центральная Африка;Либревиль;Франк (франк КФА BEAC);267667; французский;2173000
Гаити;Республика Гаити;Haiti;HT;Америка;Карибский бассейн;Порт-о-Пренс ;Гурд;27750; французский;10911819
Гайана;Республика Гайана;Guyana;GY;Америка;Южная Америка;Джорджтаун;Доллар (гайанский доллар);214970; английский;801623
Гамбия;Республика Гамбия;Gambia;GM;Африка;Западная Африка;Банжул;Даласи;11300; английский;2348000
Гана;Республика Гана;Ghana;GH;Африка;Западная Африка;Аккра;Седи (ганский седи);238540; английский;31418000
Гватемала;Республика Гватемала;Guatemala;GT;Америка;Центральная Америка;Гватемала;Кетсаль;108890; испанский;17679735
Гвинея;Гвинейская Республика;Guinea;GN;Африка;Западная Африка;Конакри;Франк (гвинейский франк);245857; французский;12771000
Гвинея-Бисау;Республика Гвинея-Бисау;Guinea-Bissau;GW;Африка;Западная Африка;Бисау;Франк (франк КФА BCEAO);36120; португальский;1921000
Германия;Федеративная Республика Германия;Germany;DE;Европа;Западная Европа;Берлин;Евро;357022; немецкий;83349300
Гондурас;Республика Гондурас;Honduras;HN;Америка;Центральная Америка;Тегусигальпа;Лемпира;112090; испанский;9158345
Гренада;;Grenada;GD;Америка;Карибский бассейн;Сент-Джорджес ;Доллар (восточно-карибский доллар);344; английский;112000
Греция;Греческая Республика;Greece;GR;Европа;Южная Европа;Афины;Евро;131940; греческий;10741165
Грузия;;Georgia;GE;Азия;Западная Азия;Тбилиси;Лари;69700; грузинский;3723500
Дания;Королевство Дания;Denmark;DK;Европа;Северная Европа;Копенгаген;Крона (датская крона);43094; датский;5762082
Демократическая Республика Конго;Демократическая Республика Конго;Congo, Democratic Republic of the;CD;Африка;Центральная Африка;Киншаса;Франк (конголезский франк);2345410; французский;101780263
Джибути;Республика Джибути;Djibouti;DJ;Африка;Восточная Африка;Джибути;Франк (франк Джибути);23000; арабский, французский;974000
Доминика;Содружество Доминики;Dominica;DM;Америка;Карибский бассейн;Розо;Доллар (восточно-карибский доллар);754; английский;72000
Доминиканская Республика;;Dominican Republic;DO;Америка;Карибский бассейн;Санто-Доминго ;Песо (доминиканское песо);48730; испанский;10739000
Египет;Арабская Республика Египет;Egypt;EG;Африка;Северная Африка;Каир;Фунт (египетский фунт);1001450; арабский;106122040
Замбия;Республика Замбия;Zambia;ZM;Африка;Восточная Африка;Лусака ;Квача (замбийская квача);752614; английский;18861000
Западная Сахара;Западная Сахара;Western Sahara;EH;Африка;Северная Африка;Эль-Аюн;Дирхам (марокканский дирхам);;арабский, испанский;
Зимбабве;Республика Зимбабве;Zimbabwe;ZW;Африка;Восточная Африка;Хараре;Доллар (доллар Зимбабве);390580; английский;17645000
Израиль;Государство Израиль;Israel;IL;Азия;Западная Азия;Иерусалим;Шекель;26900; иврит, арабский;9136000
Индия;Республика Индия;India;IN;Азия;Южная часть Центральной Азии;Дели;Рупия (индийская рупия);3287590; хинди, английский;1414252000
Индонезия;Республика Индонезия;Indonesia;ID;Азия;Юго-Восточная Азия;Джакарта;Рупия (индонезийская рупия);1919440; индонезийский;277311900
Иордания;Иорданское Хашимитское Королевство;Jordan;JO;Азия;Западная Азия;Амман;Динар (иорданский динар);92300; арабский;10901660
Ирак;Республика Ирак;Iraq;IQ;Азия;Западная Азия;Багдад;Динар (иракский динар);437072; арабский, курдский;41310000
Иран;Исламская Республика Иран;Iran, Islamic Republic of;IR;Азия;Южная часть Центральной Азии;Тегеран;Риал (иранский риал);1648000; персидский;86662730
Ирландия;;Ireland;IE;Европа;Северная Европа;Дублин;Евро;70273; ирландский, английский;4921500
Исландия;Республика Исландия;Iceland;IS;Европа;Северная Европа;Рейкьявик;Крона (исландская крона);103125; исландский;356991
Испания;Королевство Испания;Spain;ES;Европа;Южная Европа;Мадрид;Евро;504782; испанский;46934632
Италия;Итальянская Республика;Italy;IT;Европа;Южная Европа;Рим;Евро;301230; итальянский;60218431
Йемен;Йеменская Республика;Yemen;YE;Азия;Западная Азия;Сана;Риал (йеменский риал);527970; арабский;31162000
Кабо-Верде;Республика Кабо-Верде;Cape Verde;CV;Африка;Западная Африка;Прая;Эскудо (эскудо Кабо-Верде);4033; португальский;550000
Казахстан;Республика Казахстан;Kazakhstan;KZ;Азия;Южная часть Центральной Азии;Нур-Султан (Астана);Тенге;2717300; русский, казахский;19616540
Камбоджа;Королевство Камбоджа;Cambodia;KH;Азия;Юго-Восточная Азия;Пномпень;Риель;181040; кхмерский;15288489
Камерун;Республика Камерун;Cameroon;CM;Африка;Центральная Африка;Яунде;Франк (франк КФА BEAC);475440; французский, английский;26348251
Канада;;Canada;CA;Америка;Северная Америка;Оттава;Доллар (канадский доллар);9984670; английский, французский;38540880
Катар;Государство Катар;Qatar;QA;Азия;Западная Азия;Доха;Риал (катарский риал);11437; арабский;2753045
Кения;Республика Кения;Kenya;KE;Африка;Восточная Африка;Найроби;Шиллинг (кенийский шиллинг);582650; суахили, английский;57564296
Кипр;Республика Кипр;Cyprus;CY;Азия;Западная Азия;Никосия;Евро;9250; греческий, турецкий;875898
Киргизия;Киргизская Республика;Kyrgyzstan;KG;Азия;Южная часть Центральной Азии;Бишкек;Сом;198500; киргизский, русский;6523500
Кирибати;Республика Кирибати;Kiribati;KI;Океания;Микронезия;Тарава;Доллар (австралийский доллар);726; английский;118000
Китай;Китайская Народная Республика;China;CN;Азия;Восточная Азия;Пекин;Юань;9596960; китайский;1449670556
Колумбия;Республика Колумбия;Colombia;CO;Америка;Южная Америка;Богота;Песо (колумбийское песо);1138910; испанский;49258494
Коморы;Союз Коморы;Comoros;KM;Африка;Восточная Африка;Морони;Франк (франк Комор);2170; французский, арабский;806153
Конго;Республика Конго;Congo;CG;Африка;Центральная Африка;Браззавиль;Франк (франк КФА BEAC);342000; французский;5381000
Коста-Рика;Республика Коста-Рика;Costa Rica;CR;Америка;Центральная Америка;Сан-Хосе ;Колон (коста-риканский колон);51100; испанский;4953199
Кот-д'Ивуар;Республика Кот д'Ивуар;Cote d'Ivoire;CI;Африка;Западная Африка;Ямусукро;Франк (франк КФА BCEAO);322460; французский;27717000
Куба;Республика Куба;Cuba;CU;Америка;Карибский бассейн;Гавана;Песо (кубинское песо);110992; испанский;11333000
Кувейт;Государство Кувейт;Kuwait;KW;Азия;Западная Азия;Эль-Кувейт ;Динар (кувейтский динар);17818; арабский;4207000
Лаос;Лаосская Народно-Демократическая Республика;Lao People's Democratic Republic;LA;Азия;Юго-Восточная Азия;Вьентьян;Кип;236800; лаосский;7123205
Латвия;Латвийская Республика;Latvia;LV;Европа;Северная Европа;Рига;Евро;64589; латышский;1908100
Лесото;Королевство Лесото;Lesotho;LS;Африка;Южная часть Африки;Масеру;Лоти;30355; английский, сесото;2007201
Либерия;Республика Либерия;Liberia;LR;Африка;Западная Африка;Монровия;Доллар (либерийский доллар);111370; английский;4937000
Ливан;Ливанская Республика;Lebanon;LB;Азия;Западная Азия;Бейрут;Фунт (ливанский фунт);10452; арабский;6856000
Ливия;Социалистическая Народная Ливийская Арабская Джамахирия;Libyan Arab Jamahiriya;LY;Африка;Северная Африка;Триполи;Динар (ливийский динар);1759540; арабский;6777000
Литва;Литовская Республика;Lithuania;LT;Европа;Северная Европа;Вильнюс;Евро;65200; литовский;2790472
Лихтенштейн;Княжество Лихтенштейн;Liechtenstein;LI;Европа;Западная Европа;Вадуц;Франк (швейцарский франк);160; немецкий;38378
Люксембург;Великое Герцогство Люксембург;Luxembourg;LU;Европа;Западная Европа;Люксембург;Евро;2586; немецкий, французский, люксембургский диалект;613894
Маврикий;Республика Маврикий;Mauritius;MU;Африка;Восточная Африка;Порт-Луи ;Рупия (маврикийская рупия);2040; английский;1261208
Мавритания;Исламская Республика Мавритания;Mauritania;MR;Африка;Западная Африка;Нуакшот;Угия;1030700; арабский;3631775
Мадагаскар;Республика Мадагаскар;Madagascar;MG;Африка;Восточная Африка;Антананариву;Ариари (малагасийский ариари);587041; французский, малагасийский;28680342
Малави;Республика Малави;Malawi;MW;Африка;Восточная Африка;Лилонгве;Квача;118480; английский, чичева;18563749
Малайзия;;Malaysia;MY;Азия;Юго-Восточная Азия;Куала-Лумпур ;Ринггит (малайзийский ринггит);329758; малазийский;34126860
Мали;Республика Мали;Mali;ML;Африка;Западная Африка;Бамако;Франк (франк КФА BCEAO);1240000; французский;20658000
Мальдивы;Мальдивская Республика;Maldives;MV;Азия;Южная часть Центральной Азии;Мале;Руфия;298; мальдивский (дивехи);402071
Мальта;Республика Мальта;Malta;MT;Европа;Южная Европа;Валетта;Евро;316; мальтийский, английский;493559
Марокко;Королевство Марокко;Morocco;MA;Африка;Северная Африка;Рабат;Дирхам (марокканский дирхам);446550; арабский;36749320
Маршалловы острова;Республика Маршалловы острова;Marshall Islands;MH;Океания;Микронезия;Маджуро;Доллар (доллар США);181; английский;53069
Мексика;Мексиканские Соединенные Штаты;Mexico;MX;Америка;Центральная Америка;Мехико;Песо (мексиканское песо);1972550; испанский;131014024
Микронезия;Федеративные штаты Микронезии;Micronesia, Federated States of;FM;Океания;Микронезия;Паликир;Доллар (доллар США);701; английский;114000
Мозамбик;Республика Мозамбик;Mozambique;MZ;Африка;Восточная Африка;Мапуту;Метикал (мозамбикский метикал);801590; португальский;31366000
Молдавия;Республика Молдова;Moldova;MD;Европа;Восточная Европа;Кишинев;Лей (молдавский лей);33843; молдавский;3546500
Монако;Княжество Монако;Monaco;MC;Европа;Западная Европа;Монако;Евро;2; французский;38300
Монголия;;Mongolia;MN;Азия;Восточная Азия;Улан-Батор ;Тугрик;1564116; монгольский;3413379
Мьянма;Союз Мьянма;Burma;MM;Азия;Юго-Восточная Азия;Нейпьидо;Кьят;678500; бирманский;54045000
Намибия;Республика Намибия;Namibia;NA;Африка;Южная часть Африки;Виндхук;Доллар (доллар Намибии);825418; английский;2495000
Науру;Республика Науру;Nauru;NR;Океания;Микронезия;Ярен;Доллар (австралийский доллар);21; английский, науруанский;11086
Непал;Королевство Непал;Nepal;NP;Азия;Южная часть Центральной Азии;Катманду;Рупия (непальская рупия);147181; непали;28609000
Нигер;Республика Нигер;Niger;NE;Африка;Западная Африка;Ниамей;Франк (франк КФА BCEAO);1267000; французский;25314743
Нигерия;Федеративная Республика Нигерия;Nigeria;NG;Африка;Западная Африка;Абуджа;Найра;923768; английский;217067496
Нидерланды;Королевство Нидерландов;Netherlands;NL;Европа;Западная Европа;Амстердам;Евро;41526; нидерландский;17612845
Никарагуа;Республика Никарагуа;Nicaragua;NI;Америка;Центральная Америка;Манагуа;Кордоба (золотая кордоба);129494; испанский;6198154
Новая Зеландия;;New Zealand;NZ;Океания;Австралия и Новая Зеландия;Веллингтон;Доллар (новозеландский доллар);268680; английский;5045520
Норвегия;Королевство Норвегия;Norway;NO;Европа;Северная Европа;Осло;Крона (норвежская крона);386000; норвежский;5605900
ОАЭ;Объединенные Арабские Эмираты;United Arab Emirates;AE;Азия;Западная Азия;Абу-Даби ;Дирхам (дирхам ОАЭ);83600; арабский;9771000
Оман;Султанат Оман;Oman;OM;Азия;Западная Азия;Маскат;Риал (оманский риал);309500; арабский;4088690
Пакистан;Исламская Республика Пакистан;Pakistan;PK;Азия;Южная часть Центральной Азии;Исламабад;Рупия (пакистанская рупия);803940; урду, английский;228582192
Палау;Республика Палау;Palau;PW;Океания;Микронезия;Корор;Доллар (доллар США);458; английский;21507
Палестина;Оккупированная Палестинская территория;Palestinian Territory, Occupied;PS;Азия;Западная Азия;Рамалла;Иорданский динар, новый израильский шекель;;арабский (палестинский диалект);4816503
Панама;Республика Панама;Panama;PA;Америка;Центральная Америка;Панама;Бальбоа;75570; испанский;3764166
Папуа - Новая Гвинея;;Papua New Guinea;PG;Океания;Меланезия;Порт-Морсби ;Кина;462840; английский;8776000
Парагвай;Республика Парагвай;Paraguay;PY;Америка;Южная Америка;Асунсьон;Гуарани;406750; испанский, гуарани;7152703
Перу;Республика Перу;Peru;PE;Америка;Южная Америка;Лима;Соль (новый соль);1285220; испанский, аймара, кечуа;32162184
Польша;Республика Польша;Poland;PL;Европа;Восточная Европа;Варшава;Злотый;312685; польский;38313035
Португалия;Португальская Республика;Portugal;PT;Европа;Южная Европа;Лиссабон;Евро;92391; португальский;10347892
Россия;Российская Федерация;Russian Federation;RU;Европа;Восточная Европа;Москва;Рубль (российский рубль);17075400; русский;146171015
Руанда;Руандийская Республика;Rwanda;RW;Африка;Восточная Африка;Кигали;Франк (франк Руанды);26338; киньяруанда, английский, французский;11952693
Румыния;;Romania;RO;Европа;Восточная Европа;Бухарест;Лей (румынский лей);237500; румынский;19401658
Сальвадор;Республика Эль-Сальвадор;El Salvador;SV;Америка;Центральная Америка;Сан-Сальвадор ;Колон (сальвадорский колон);21040; испанский;6454000
Самоа;Независимое Государство Самоа;Samoa;WS;Океания;Полинезия;Апиа;Тала;2860; самоанский, английский;197000
Сан-Марино;Республика Сан-Марино;San Marino;SM;Европа;Южная Европа;Сан-Марино ;Евро;61; итальянский;34590
Сан-Томе и Принсипи;Демократическая Республика Сан-Томе и Принсипи;Sao Tome and Principe;ST;Африка;Центральная Африка;Сан-Томе ;Добра;1001; португальский;215000
Саудовская Аравия;Королевство Саудовская Аравия;Saudi Arabia;SA;Азия;Западная Азия;Эр-Рияд ;Риял (саудовский риял);2218000; арабский;35218169
Северная Корея;Корейская Народно-Демократическая Республика;Korea, Democratic People's republic of;KP;Азия;Восточная Азия;Пхеньян;Северокорейская вона;120540; корейский;25666000
Северная Македония;;Macedonia, The Former Yugoslav Republic Of;MK;Европа;Южная Европа;Скопье;Македонский денар;25333; македонский;2077132
Сейшельские острова;Республика Сейшелы;Seychelles;SC;Африка;Восточная Африка;Виктория;Рупия (сейшельская рупия);455; английский, креольский, французский;98000
Сенегал;Республика Сенегал;Senegal;SN;Африка;Западная Африка;Дакар;Франк (франк КФА BCEAO);196722; французский;19256346
Сент-Винсент и Гренадины;;Saint Vincent and the Grenadines;VC;Америка;Карибский бассейн;Кингстаун;Доллар (восточно-карибский доллар);389; английский;111000
Сент-Китс и Невис;;Saint Kitts and Nevis;KN;Америка;Карибский бассейн;Бастер;Доллар (восточно-карибский доллар);261; английский;56183
Сент-Люсия;;Saint Lucia;LC;Америка;Карибский бассейн;Кастри;Доллар (восточно-карибский доллар);616; английский;183000
Сербия;Республика Сербия;Serbia;RS;Европа;Южная Европа;Белград;Динар (сербский динар);88361; сербский;6926705
Сингапур;Республика Сингапур;Singapore;SG;Азия;Юго-Восточная Азия;Сингапур;Доллар (сингапурский доллар);693; малайский, английский, китайский, тамильский;5703600
Сирия;Сирийская Арабская Республика;Syrian Arab Republic;SY;Азия;Западная Азия;Дамаск;Фунт (сирийский фунт);185180; арабский;17070000
Словакия;Словацкая Республика;Slovakia;SK;Европа;Восточная Европа;Братислава;Евро;48845; словацкий;5449176
Словения;Республика Словения;Slovenia;SI;Европа;Южная Европа;Любляна;Евро;20253; словенский;2120910
Соломоновы острова;;Solomon Islands;SB;Океания;Меланезия;Хониаpа;Доллар (доллар Соломоновых Островов);28896; английский;670000
Сомали;Сомалийская Республика;Somalia;SO;Африка;Восточная Африка;Могадишо;Шиллинг (сомалийский шиллинг);637657; сомалийский, арабский;15443000
Судан;Республика Судан;Sudan;SD;Африка;Северная Африка;Хаpтум;Фунт (суданский фунт) ;2505810; арабский;46286200
Суринам;Республика Суринам;Suriname;SR;Америка;Южная Америка;Паpамаpибо;Доллар (суринамский доллар);163270; нидерландский;581000
США;Соединенные Штаты Америки;United States;US;Америка;Северная Америка;Вашингтон;Доллар (доллар США);9372610; английский;333449281
Сьерра-Леоне;Республика Сьерра-Леоне;Sierra Leone;SL;Африка;Западная Африка;Фpитаун;Леоне;71740; английский;7813000
Таджикистан;Республика Таджикистан;Tajikistan;TJ;Азия;Южная часть Центральной Азии;Душанбе;Сомони;143100; таджикский;9127000
Таиланд;Королевство Таиланд;Thailand;TH;Азия;Юго-Восточная Азия;Бангкок;Бат;514000; тайский;69445420
Тайвань;Тайвань (Китай);Taiwan, Province of China;TW;Азия;Восточная Азия;Тайпей;Новый тайваньский доллар;;тайваньский язык;23782448
Танзания;Объединенная Республика Танзания;Tanzania, United Republic Of;TZ;Африка;Восточная Африка;Додома;Шиллинг (танзанийский шиллинг);945090; суахили, английский;65890747
Того;Тоголезская Республика;Togo;TG;Африка;Западная Африка;Ломе;Франк (франк КФА BCEAO);56785; французский;8082000
Тонга;Королевство Тонга;Tonga;TO;Океания;Полинезия;Нукуалофа;Паанга;748; тонганский, английский;100651
Тринидад и Тобаго;Республика Тринидад и Тобаго;Trinidad and Tobago;TT;Америка;Карибский бассейн;Порт-оф-Спейн ;Доллар (доллар Тринидада и Тобаго);5128; английский;1395000
Тувалу;;Tuvalu;TV;Океания;Полинезия;Фунафути;Доллар (австралийский доллар);26; английский;10927
Тунис;Тунисская Республика;Tunisia;TN;Африка;Северная Африка;Тунис;Динар (тунисский динар);163610; арабский;11658341
Туркмения;Туркменистан;Turkmenistan;TM;Азия;Южная часть Центральной Азии;Ашхабад;Манат (новый туркменский манат);488100; туркменский;5942000
Турция;Турецкая Республика;Turkey;TR;Азия;Западная Азия;Анкаpа;Лира (турецкая лира);780580; турецкий;86154997
Уганда;Республика Уганда;Uganda;UG;Африка;Восточная Африка;Кампала;Шиллинг (угандийский шиллинг);236040; английский;48006700
Узбекистан;Республика Узбекистан;Uzbekistan;UZ;Азия;Южная часть Центральной Азии;Ташкент;Сум (узбекский сум);447400; узбекский;35296494
Украина;;Ukraine;UA;Европа;Восточная Европа;Киев;Гривна;603700; украинский;41501175
Уругвай;Восточная Республика Уругвай;Uruguay;UY;Америка;Южная Америка;Монтевидео;Песо (уругвайское песо);176220; испанский;3415866
Фиджи;Республика островов Фиджи;Fiji;FJ;Океания;Меланезия;Сува;Доллар (доллар Фиджи);18270; английский;890000
Филиппины;Республика Филиппины;Philippines;PH;Азия;Юго-Восточная Азия;Манила;Песо (филиппинское песо);298170; тагальский, английский;110813642
Финляндия;Финляндская Республика;Finland;FI;Европа;Северная Европа;Манила;Евро;338145; финский, шведский;5526774
Франция;Французская Республика;France;FR;Европа;Западная Европа;Париж;Евро;547030; французский;68959599
Хорватия;Республика Хорватия;Croatia;HR;Европа;Южная Европа;Загреб;Куна (хорватская куна);56542; хорватский;4076246
ЦАР;Центрально-Африканская Республика;Central African Republic;CF;Африка;Центральная Африка;Банги;Франк (франк КФА BEAC);622984; французский;4745000
Чад;Республика Чад;Chad;TD;Африка;Центральная Африка;Нджамена;Франк (франк КФА BEAC);1284000; французский, арабский;15948000
Черногория;Республика Черногория;Montenegro;ME;Европа;Южная Европа;Подгорица;Евро;13812; сербский, албанский;622218
Чехия;Чешская Республика;Czech Republic;CZ;Европа;Восточная Европа;Прага;Крона (чешская крона);78866; чешский;10693939
Чили;Республика Чили;Chile;CL;Америка;Южная Америка;Сантьяго;Песо (чилийское песо) ;756950; испанский;20214315
Швейцария;Швейцарская Конфедерация;Switzerland;CH;Европа;Западная Европа;Берн;Франк (швейцарский франк);41290; немецкий, французский, итальянский, ретороманский;8570146
Швеция;Королевство Швеция;Sweden;SE;Европа;Северная Европа;Стокгольм;Крона (шведская крона);449964; шведский;10313447
Шри-Ланка;Демократическая Социалистическая Республика Шри-Ланка;Sri Lanka;LK;Азия;Южная часть Центральной Азии;Коломбо;Рупия (шри-ланкийская рупия);65610; сингальский, тамильский;21803000
Эквадор;Республика Эквадор;Ecuador;EC;Америка;Южная Америка;Кито;Доллар (доллар США);283560; испанский;17813380
Экваториальная Гвинея;Республика Экваториальная Гвинея;Equatorial Guinea;GQ;Африка;Центральная Африка;Малабо;Франк (франк КФА BEAC);28051; испанский, французский;1356000
Эритрея;;Eritrea;ER;Африка;Восточная Африка;Асмэра;Накфа;121320; тигринья, арабский;3497000
Эсватини;Королевство Эсватини;Eswatini;SZ;Африка;Южная часть Африки;Мбабане;Лилангени;17363; английский, свази;1148000
Эстония;Эстонская Республика;Estonia;EE;Европа;Северная Европа;Таллинн;Евро;45226; эстонский;1328360
Эфиопия;Федеративная Демократическая Республика Эфиопия;Ethiopia;ET;Африка;Восточная Африка;Аддис-Абеба ;Быр (эфиопский быр);1104300; амхарский;118879000
ЮАР;Южно-Африканская Республика;South Africa;ZA;Африка;Южная часть Африки;Претория;Рэнд;1219912; английский, африкаанс;61956900
Южная Корея;Республика Корея;Korea, Republic of;KR;Азия;Восточная Азия;Сеул;Южнокорейская вона;99274; корейский;51780579
Южный Судан;;South Sudan;SS;Африка;Северная Африка;Джуба;Фунт (южносуданский фунт);;английский;11062000
Ямайка;;Jamaica;JM;Америка;Карибский бассейн;Кингстон;Доллар (ямайский доллар);10991; английский;2726667
Япония;;Japan;JP;Азия;Восточная Азия;Токио;Иена;377835; японский;125410000
